{
  "version": "1.2.0-beta.0",
  "graph": {
    "nodes": [
      {
        "id": "n0",
        "position": {
          "x": 153.62659202125047,
          "y": 0
        },
        "caption": "Plaque"
      },
      {
        "id": "n1",
        "position": {
          "x": 48.30068625106651,
          "y": 293.62905065396546
        },
        "caption": "City"
      },
      {
        "id": "n2",
        "position": {
          "x": -125,
          "y": 168.99999999999986
        },
        "caption": "Creator"
      },
      {
        "id": "n3",
        "position": {
          "x": 236,
          "y": 250
        },
        "caption": "Criteria"
      },
      {
        "id": "n4",
        "position": {
          "x": 432.25318404250095,
          "y": 0
        },
        "caption": "Culture"
      },
      {
        "id": "n5",
        "position": {
          "x": -125,
          "y": 0
        },
        "caption": "Langauge"
      },
      {
        "id": "n7",
        "position": {
          "x": 323.5391385428019,
          "y": -160.5411015844197
        },
        "caption": "People/Group"
      },
      {
        "id": "n8",
        "position": {
          "x": -57.08533252725421,
          "y": -160.5411015844197
        },
        "caption": "Faction/Nation"
      },
      {
        "id": "n9",
        "position": {
          "x": 399.39030130595523,
          "y": 168.99999999999986
        },
        "caption": "Creation Date"
      }
    ],
    "relationships": [
      {
        "id": "n0",
        "type": "CREATED",
        "fromId": "n2",
        "toId": "n0"
      },
      {
        "id": "n2",
        "type": "IS",
        "fromId": "n0",
        "toId": "n3"
      },
      {
        "id": "n3",
        "type": "LOCATED IN",
        "fromId": "n0",
        "toId": "n1"
      },
      {
        "id": "n5",
        "type": "WRITTEN IN",
        "fromId": "n0",
        "toId": "n5"
      },
      {
        "id": "n6",
        "type": "ASSOCIATED WITH",
        "fromId": "n7",
        "toId": "n0"
      },
      {
        "id": "n7",
        "type": "FROM",
        "fromId": "n7",
        "toId": "n4"
      },
      {
        "id": "n8",
        "type": "ASSOCIATED WITH",
        "fromId": "n8",
        "toId": "n0"
      },
      {
        "id": "n9",
        "type": "MADE IN",
        "fromId": "n0",
        "toId": "n9"
      }
    ]
  },
  "dataModel": {
    "version": "1.2.0-beta.0",
    "graphSchemaRepresentation": {
      "version": "1.0.0",
      "graphSchema": {
        "nodeLabels": [
          {
            "$id": "nl:n0",
            "token": "Plaque"
          },
          {
            "$id": "nl:n1",
            "token": "City"
          },
          {
            "$id": "nl:n2",
            "token": "Creator"
          },
          {
            "$id": "nl:n3",
            "token": "Criteria"
          },
          {
            "$id": "nl:n4",
            "token": "Culture"
          },
          {
            "$id": "nl:n5",
            "token": "Langauge"
          },
          {
            "$id": "nl:n7",
            "token": "People/Group"
          },
          {
            "$id": "nl:n8",
            "token": "Faction/Nation"
          },
          {
            "$id": "nl:n9",
            "token": "Creation Date"
          }
        ],
        "nodeObjectTypes": [
          {
            "$id": "n:n0",
            "labels": [
              {
                "$ref": "#nl:n0"
              }
            ],
            "properties": [
              {
                "$id": "p:7",
                "token": "PlaqueId",
                "type": {
                  "type": "integer"
                },
                "nullable": true
              },
              {
                "$id": "p:8",
                "token": "PlaqueName",
                "type": {
                  "type": "string"
                },
                "nullable": true
              }
            ]
          },
          {
            "$id": "n:n1",
            "labels": [
              {
                "$ref": "#nl:n1"
              }
            ],
            "properties": [
              {
                "$id": "p:13",
                "token": "CityId",
                "type": {
                  "type": "integer"
                },
                "nullable": true
              },
              {
                "$id": "p:14",
                "token": "CityName",
                "type": {
                  "type": "string"
                },
                "nullable": true
              }
            ]
          },
          {
            "$id": "n:n2",
            "labels": [
              {
                "$ref": "#nl:n2"
              }
            ],
            "properties": [
              {
                "$id": "p:15",
                "token": "CreatorId",
                "type": {
                  "type": "integer"
                },
                "nullable": true
              },
              {
                "$id": "p:16",
                "token": "Creator",
                "type": {
                  "type": "string"
                },
                "nullable": true
              }
            ]
          },
          {
            "$id": "n:n3",
            "labels": [
              {
                "$ref": "#nl:n3"
              }
            ],
            "properties": [
              {
                "$id": "p:11",
                "token": "CriteriaId",
                "type": {
                  "type": "integer"
                },
                "nullable": true
              },
              {
                "$id": "p:12",
                "token": "Criteria",
                "type": {
                  "type": "string"
                },
                "nullable": true
              }
            ]
          },
          {
            "$id": "n:n4",
            "labels": [
              {
                "$ref": "#nl:n4"
              }
            ],
            "properties": [
              {
                "$id": "p:5",
                "token": "CultureId",
                "type": {
                  "type": "integer"
                },
                "nullable": true
              },
              {
                "$id": "p:6",
                "token": "Culture",
                "type": {
                  "type": "string"
                },
                "nullable": true
              }
            ]
          },
          {
            "$id": "n:n5",
            "labels": [
              {
                "$ref": "#nl:n5"
              }
            ],
            "properties": [
              {
                "$id": "p:17",
                "token": "LanguageId",
                "type": {
                  "type": "integer"
                },
                "nullable": true
              },
              {
                "$id": "p:18",
                "token": "Language",
                "type": {
                  "type": "string"
                },
                "nullable": true
              }
            ]
          },
          {
            "$id": "n:n7",
            "labels": [
              {
                "$ref": "#nl:n7"
              }
            ],
            "properties": [
              {
                "$id": "p:3",
                "token": "PeopleId",
                "type": {
                  "type": "integer"
                },
                "nullable": true
              },
              {
                "$id": "p:4",
                "token": "PeopleName",
                "type": {
                  "type": "string"
                },
                "nullable": true
              }
            ]
          },
          {
            "$id": "n:n8",
            "labels": [
              {
                "$ref": "#nl:n8"
              }
            ],
            "properties": [
              {
                "$id": "p:1",
                "token": "FactionId",
                "type": {
                  "type": "integer"
                },
                "nullable": true
              },
              {
                "$id": "p:2",
                "token": "Faction Name",
                "type": {
                  "type": "string"
                },
                "nullable": true
              }
            ]
          },
          {
            "$id": "n:n9",
            "labels": [
              {
                "$ref": "#nl:n9"
              }
            ],
            "properties": [
              {
                "$id": "p:9",
                "token": "DateId",
                "type": {
                  "type": "integer"
                },
                "nullable": true
              },
              {
                "$id": "p:10",
                "token": "Date",
                "type": {
                  "type": "integer"
                },
                "nullable": true
              }
            ]
          }
        ],
        "relationshipTypes": [
          {
            "$id": "rt:n0",
            "token": "CREATED"
          },
          {
            "$id": "rt:n2",
            "token": "IS"
          },
          {
            "$id": "rt:n3",
            "token": "LOCATED IN"
          },
          {
            "$id": "rt:n5",
            "token": "WRITTEN IN"
          },
          {
            "$id": "rt:n6",
            "token": "ASSOCIATED WITH"
          },
          {
            "$id": "rt:n7",
            "token": "FROM"
          },
          {
            "$id": "rt:n8",
            "token": "ASSOCIATED WITH"
          },
          {
            "$id": "rt:n9",
            "token": "MADE IN"
          }
        ],
        "relationshipObjectTypes": [
          {
            "$id": "r:n0",
            "type": {
              "$ref": "#rt:n0"
            },
            "from": {
              "$ref": "#n:n2"
            },
            "to": {
              "$ref": "#n:n0"
            },
            "properties": []
          },
          {
            "$id": "r:n2",
            "type": {
              "$ref": "#rt:n2"
            },
            "from": {
              "$ref": "#n:n0"
            },
            "to": {
              "$ref": "#n:n3"
            },
            "properties": []
          },
          {
            "$id": "r:n3",
            "type": {
              "$ref": "#rt:n3"
            },
            "from": {
              "$ref": "#n:n0"
            },
            "to": {
              "$ref": "#n:n1"
            },
            "properties": []
          },
          {
            "$id": "r:n5",
            "type": {
              "$ref": "#rt:n5"
            },
            "from": {
              "$ref": "#n:n0"
            },
            "to": {
              "$ref": "#n:n5"
            },
            "properties": []
          },
          {
            "$id": "r:n6",
            "type": {
              "$ref": "#rt:n6"
            },
            "from": {
              "$ref": "#n:n7"
            },
            "to": {
              "$ref": "#n:n0"
            },
            "properties": []
          },
          {
            "$id": "r:n7",
            "type": {
              "$ref": "#rt:n7"
            },
            "from": {
              "$ref": "#n:n7"
            },
            "to": {
              "$ref": "#n:n4"
            },
            "properties": []
          },
          {
            "$id": "r:n8",
            "type": {
              "$ref": "#rt:n8"
            },
            "from": {
              "$ref": "#n:n8"
            },
            "to": {
              "$ref": "#n:n0"
            },
            "properties": []
          },
          {
            "$id": "r:n9",
            "type": {
              "$ref": "#rt:n9"
            },
            "from": {
              "$ref": "#n:n0"
            },
            "to": {
              "$ref": "#n:n9"
            },
            "properties": []
          }
        ]
      }
    },
    "graphSchemaExtensionsRepresentation": {
      "nodeKeyProperties": [
        {
          "node": {
            "$ref": "#n:n8"
          },
          "keyProperty": {
            "$ref": "#p:1"
          }
        },
        {
          "node": {
            "$ref": "#n:n7"
          },
          "keyProperty": {
            "$ref": "#p:3"
          }
        },
        {
          "node": {
            "$ref": "#n:n4"
          },
          "keyProperty": {
            "$ref": "#p:5"
          }
        },
        {
          "node": {
            "$ref": "#n:n0"
          },
          "keyProperty": {
            "$ref": "#p:7"
          }
        },
        {
          "node": {
            "$ref": "#n:n9"
          },
          "keyProperty": {
            "$ref": "#p:9"
          }
        },
        {
          "node": {
            "$ref": "#n:n3"
          },
          "keyProperty": {
            "$ref": "#p:11"
          }
        },
        {
          "node": {
            "$ref": "#n:n1"
          },
          "keyProperty": {
            "$ref": "#p:13"
          }
        },
        {
          "node": {
            "$ref": "#n:n2"
          },
          "keyProperty": {
            "$ref": "#p:15"
          }
        },
        {
          "node": {
            "$ref": "#n:n5"
          },
          "keyProperty": {
            "$ref": "#p:17"
          }
        }
      ]
    },
    "graphMappingRepresentation": {
      "dataSourceSchema": {
        "type": "local/csv",
        "tableSchemas": [
          {
            "$id": "t:2",
            "name": "Created.csv",
            "expanded": true,
            "fields": [
              {
                "name": "CreatorId",
                "type": "integer",
                "sample": "3",
                "include": true
              },
              {
                "name": "PlaqueId",
                "type": "integer",
                "sample": "1",
                "include": true
              }
            ]
          },
          {
            "$id": "t:3",
            "name": "From.csv",
            "expanded": true,
            "fields": [
              {
                "name": "PeopleId",
                "type": "integer",
                "sample": "1",
                "include": true
              },
              {
                "name": "CultureId",
                "type": "integer",
                "sample": "4",
                "include": true
              }
            ]
          },
          {
            "$id": "t:4",
            "name": "IS.csv",
            "expanded": true,
            "fields": [
              {
                "name": "PlaqueId",
                "type": "integer",
                "sample": "1",
                "include": true
              },
              {
                "name": "CriteriaId",
                "type": "integer",
                "sample": "1",
                "include": true
              }
            ]
          },
          {
            "$id": "t:5",
            "name": "Located In.csv",
            "expanded": true,
            "fields": [
              {
                "name": "PlaqueId",
                "type": "integer",
                "sample": "1",
                "include": true
              },
              {
                "name": "CityId",
                "type": "integer",
                "sample": "5",
                "include": true
              }
            ]
          },
          {
            "$id": "t:6",
            "name": "Made In.csv",
            "expanded": true,
            "fields": [
              {
                "name": "PlaqueId",
                "type": "integer",
                "sample": "2",
                "include": true
              },
              {
                "name": "DateId",
                "type": "integer",
                "sample": "9",
                "include": true
              }
            ]
          },
          {
            "$id": "t:7",
            "name": "Written In.csv",
            "expanded": true,
            "fields": [
              {
                "name": "PlaqueId",
                "type": "integer",
                "sample": "1",
                "include": true
              },
              {
                "name": "LanguageId",
                "type": "integer",
                "sample": "1",
                "include": true
              }
            ]
          },
          {
            "$id": "t:9",
            "name": "Creator.csv",
            "expanded": true,
            "fields": [
              {
                "name": "CreatorId",
                "type": "integer",
                "sample": "1",
                "include": true
              },
              {
                "name": "Creator",
                "type": "string",
                "sample": "Archaeological and Historic Sites Board of Ontario",
                "include": true
              }
            ]
          },
          {
            "$id": "t:10",
            "name": "Criteria.csv",
            "expanded": true,
            "fields": [
              {
                "name": "CriteriaId",
                "type": "integer",
                "sample": "1",
                "include": true
              },
              {
                "name": "Criteria",
                "type": "string",
                "sample": "Battle",
                "include": true
              }
            ]
          },
          {
            "$id": "t:11",
            "name": "Culture.csv",
            "expanded": true,
            "fields": [
              {
                "name": "CultureId",
                "type": "integer",
                "sample": "1",
                "include": true
              },
              {
                "name": "Culture",
                "type": "string",
                "sample": "Aboriginal",
                "include": true
              }
            ]
          },
          {
            "$id": "t:12",
            "name": "Date.csv",
            "expanded": true,
            "fields": [
              {
                "name": "DateId",
                "type": "integer",
                "sample": "1",
                "include": true
              },
              {
                "name": "Date",
                "type": "integer",
                "sample": "1923",
                "include": true
              }
            ]
          },
          {
            "$id": "t:13",
            "name": "Faction.csv",
            "expanded": true,
            "fields": [
              {
                "name": "FactionId",
                "type": "integer",
                "sample": "1",
                "include": true
              },
              {
                "name": "Faction Name",
                "type": "string",
                "sample": "Aboriginal",
                "include": true
              }
            ]
          },
          {
            "$id": "t:14",
            "name": "Language.csv",
            "expanded": true,
            "fields": [
              {
                "name": "LanguageId",
                "type": "integer",
                "sample": "1",
                "include": true
              },
              {
                "name": "Language",
                "type": "string",
                "sample": "English",
                "include": true
              }
            ]
          },
          {
            "$id": "t:15",
            "name": "People.csv",
            "expanded": true,
            "fields": [
              {
                "name": "PeopleId",
                "type": "integer",
                "sample": "1",
                "include": true
              },
              {
                "name": "PeopleName",
                "type": "string",
                "sample": "100th Regiment",
                "include": true
              }
            ]
          },
          {
            "$id": "t:16",
            "name": "Plaque.csv",
            "expanded": true,
            "fields": [
              {
                "name": "PlaqueId",
                "type": "integer",
                "sample": "1",
                "include": true
              },
              {
                "name": "PlaqueName",
                "type": "string",
                "sample": "Action at Butler's Farm",
                "include": true
              }
            ]
          },
          {
            "$id": "t:17",
            "name": "City.csv",
            "expanded": true,
            "fields": [
              {
                "name": "CityId",
                "type": "integer",
                "sample": "1",
                "include": true
              },
              {
                "name": "CityName",
                "type": "string",
                "sample": "Fort Erie",
                "include": true
              }
            ]
          },
          {
            "$id": "t:18",
            "name": "Associated With.csv",
            "expanded": true,
            "fields": [
              {
                "name": "Plaque Id",
                "type": "integer",
                "sample": "1",
                "include": true
              },
              {
                "name": "Faction Id",
                "type": "integer",
                "sample": "2",
                "include": true
              },
              {
                "name": "People Id",
                "type": "integer",
                "sample": "",
                "include": true
              }
            ]
          }
        ]
      },
      "nodeMappings": [
        {
          "node": {
            "$ref": "#n:n8"
          },
          "tableSchema": {
            "$ref": "#t:13"
          },
          "propertyMappings": [
            {
              "fieldName": "FactionId",
              "property": {
                "$ref": "#p:1"
              }
            },
            {
              "fieldName": "Faction Name",
              "property": {
                "$ref": "#p:2"
              }
            }
          ]
        },
        {
          "node": {
            "$ref": "#n:n7"
          },
          "tableSchema": {
            "$ref": "#t:15"
          },
          "propertyMappings": [
            {
              "fieldName": "PeopleId",
              "property": {
                "$ref": "#p:3"
              }
            },
            {
              "fieldName": "PeopleName",
              "property": {
                "$ref": "#p:4"
              }
            }
          ]
        },
        {
          "node": {
            "$ref": "#n:n4"
          },
          "tableSchema": {
            "$ref": "#t:11"
          },
          "propertyMappings": [
            {
              "fieldName": "CultureId",
              "property": {
                "$ref": "#p:5"
              }
            },
            {
              "fieldName": "Culture",
              "property": {
                "$ref": "#p:6"
              }
            }
          ]
        },
        {
          "node": {
            "$ref": "#n:n0"
          },
          "tableSchema": {
            "$ref": "#t:16"
          },
          "propertyMappings": [
            {
              "fieldName": "PlaqueId",
              "property": {
                "$ref": "#p:7"
              }
            },
            {
              "fieldName": "PlaqueName",
              "property": {
                "$ref": "#p:8"
              }
            }
          ]
        },
        {
          "node": {
            "$ref": "#n:n9"
          },
          "tableSchema": {
            "$ref": "#t:12"
          },
          "propertyMappings": [
            {
              "fieldName": "DateId",
              "property": {
                "$ref": "#p:9"
              }
            },
            {
              "fieldName": "Date",
              "property": {
                "$ref": "#p:10"
              }
            }
          ]
        },
        {
          "node": {
            "$ref": "#n:n3"
          },
          "tableSchema": {
            "$ref": "#t:10"
          },
          "propertyMappings": [
            {
              "fieldName": "CriteriaId",
              "property": {
                "$ref": "#p:11"
              }
            },
            {
              "fieldName": "Criteria",
              "property": {
                "$ref": "#p:12"
              }
            }
          ]
        },
        {
          "node": {
            "$ref": "#n:n1"
          },
          "tableSchema": {
            "$ref": "#t:17"
          },
          "propertyMappings": [
            {
              "fieldName": "CityId",
              "property": {
                "$ref": "#p:13"
              }
            },
            {
              "fieldName": "CityName",
              "property": {
                "$ref": "#p:14"
              }
            }
          ]
        },
        {
          "node": {
            "$ref": "#n:n2"
          },
          "tableSchema": {
            "$ref": "#t:9"
          },
          "propertyMappings": [
            {
              "fieldName": "CreatorId",
              "property": {
                "$ref": "#p:15"
              }
            },
            {
              "fieldName": "Creator",
              "property": {
                "$ref": "#p:16"
              }
            }
          ]
        },
        {
          "node": {
            "$ref": "#n:n5"
          },
          "tableSchema": {
            "$ref": "#t:14"
          },
          "propertyMappings": [
            {
              "fieldName": "LanguageId",
              "property": {
                "$ref": "#p:17"
              }
            },
            {
              "fieldName": "Language",
              "property": {
                "$ref": "#p:18"
              }
            }
          ]
        }
      ],
      "relationshipMappings": [
        {
          "relationship": {
            "$ref": "#r:n7"
          },
          "tableSchema": {
            "$ref": "#t:3"
          },
          "propertyMappings": [],
          "fromMapping": {
            "fieldName": "PeopleId"
          },
          "toMapping": {
            "fieldName": "CultureId"
          }
        },
        {
          "relationship": {
            "$ref": "#r:n5"
          },
          "tableSchema": {
            "$ref": "#t:7"
          },
          "propertyMappings": [],
          "fromMapping": {
            "fieldName": "PlaqueId"
          },
          "toMapping": {
            "fieldName": "LanguageId"
          }
        },
        {
          "relationship": {
            "$ref": "#r:n0"
          },
          "tableSchema": {
            "$ref": "#t:2"
          },
          "propertyMappings": [],
          "fromMapping": {
            "fieldName": "CreatorId"
          },
          "toMapping": {
            "fieldName": "PlaqueId"
          }
        },
        {
          "relationship": {
            "$ref": "#r:n3"
          },
          "tableSchema": {
            "$ref": "#t:5"
          },
          "propertyMappings": [],
          "fromMapping": {
            "fieldName": "PlaqueId"
          },
          "toMapping": {
            "fieldName": "CityId"
          }
        },
        {
          "relationship": {
            "$ref": "#r:n2"
          },
          "tableSchema": {
            "$ref": "#t:4"
          },
          "propertyMappings": [],
          "fromMapping": {
            "fieldName": "PlaqueId"
          },
          "toMapping": {
            "fieldName": "CriteriaId"
          }
        },
        {
          "relationship": {
            "$ref": "#r:n9"
          },
          "tableSchema": {
            "$ref": "#t:6"
          },
          "propertyMappings": [],
          "fromMapping": {
            "fieldName": "PlaqueId"
          },
          "toMapping": {
            "fieldName": "DateId"
          }
        },
        {
          "relationship": {
            "$ref": "#r:n8"
          },
          "tableSchema": {
            "$ref": "#t:18"
          },
          "propertyMappings": [],
          "fromMapping": {
            "fieldName": "Faction Id"
          },
          "toMapping": {
            "fieldName": "Plaque Id"
          }
        },
        {
          "relationship": {
            "$ref": "#r:n6"
          },
          "tableSchema": {
            "$ref": "#t:18"
          },
          "propertyMappings": [],
          "fromMapping": {
            "fieldName": "People Id"
          },
          "toMapping": {
            "fieldName": "Plaque Id"
          }
        }
      ]
    },
    "configurations": {
      "idsToIgnore": []
    }
  }
}