﻿PeopleId,PeopleName
1,100th Regiment
2,104th Regiment
3,1st Lincoln Milita
4,2nd Regiment
5,35 Militia
6,41st Regiment
7,49th Regiment
8,4th Lincoln Regiment
9,5th Lincoln Regiment
10,82nd Regiment
11,8th Regiment
12,Aboriginal Warriors
13,African-Canadians
14,Alexander Dobbs
15,American Milita
16,Barnet Lyons
17,Blackbird
18,British Regulars
19,Canadian Milita
20,Caughnawaga Iroquois
21,Copleston Radcliffe
22,Dominique Ducharme
23,Glengarry Light Infantry
24,Gordon Drummond
25,Grand River Iroquois
26,Indian Scout
27,Indian Warriors
28,Isaac Brock
29,Isaac Chauncey
30,Isaac W. Stone
31,Jacob Brown
32,James Fitzgibbon
33,James Lucas Yeo
34,James Secord
35,John Bell
36,John Chandler
37,John Harvey
38,John Murray
39,John Norton
40,John Simcoe
41,John Vincent
42,Laura Secord
43,Lincoln Militia
44,Lincoln Militia Artillery
45,Louis Langlade
46,Major John Richardson
47,Michel Brisebois
48,Peter B. Porter
49,Phineas Riall
50,Royal Artillery
51,Royal Scots
52,Samuel Eldridge
53,Samuel Hatt
54,Sir Roger Hale Sheaffe
55,Stephen Van Rensellaer
56,Tecumseh
57,Thomas Clark
58,White Officers
59,William Johnson Kerr
,
,
,
,
,
,
,
,
,
,
,
,
,
,
,
,
,
,
,
,
,
,
,
,
,
,
,
,
,
,
,
,
,
,
,
,
,
,
,
,
,
,
,
,
,
,
,
,
,
,
,
,
,
,
,
,
,
,
,
,
,
,
,
,
,
,
,
,
,
,
,
,
,
