﻿PlaqueId,PlaqueName
1,Action at Butler's Farm
2,Battle of Chippawa
3,Battle of Cook's Mills
4,Battle of Lundy's Lane
5,Battle of Stoney Creek
6,Beaver Dams
7,Capture of Fort Niagara
8,"Capture of the ""Ohio"" and ""Somers"""
9,Engagement at the Forty
10,Fort Drummond
11,Fort Erie
12,Fort George
13,Frenchman's Creek
14,Laura Ingersoll Secord
15,Major John Richardson
16,Raid on Fort Schlosser
17,Sir Roger Hale Sheaffe
18,The Battle of Queenston Heights
19,The Burlington Heights
20,The Burlington Races
21,The Burning of St. Davids
22,The Colored Corps
23,Vrooman's Battery
